trainee,object_id,value
524,1145,5
1459,447,3
1279,311,5
1127,1205,1
515,1343,5
635,1668,5
228,966,3
331,1868,2
70,989,2
1298,1250,3
1300,1533,3
573,1462,2
23,151,1
1140,1158,1
584,667,1
1415,606,2
486,1188,5
1062,1615,5
132,556,5
1848,416,5
905,1495,2
740,946,1
1397,887,5
1099,451,3
973,248,4
1151,230,1
162,1182,5
627,303,4
704,1899,5
1457,191,5
1728,1793,1
1331,448,5
1196,764,1
1693,1692,4
1601,699,1
1641,839,1
1746,1753,5
286,1905,5
1162,801,2
1364,1260,1
1702,424,4
1920,553,3
928,1535,3
1180,1195,3
1692,903,5
353,1137,1
497,871,4
306,771,3
333,403,5
1803,1202,1
1967,1932,2
472,397,3
1326,872,2
1049,1241,4
521,743,4
1619,91,1
971,1071,4
1648,1240,3
1826,124,4
348,866,3
1750,1440,3
236,834,2
1073,686,1
726,1824,3
245,318,5
1245,683,1
234,358,2
1920,1848,5
1426,1889,3
1804,1006,2
1281,1186,3
1813,1402,4
1834,1765,2
1916,24,4
166,1443,3
677,1540,2
1561,1299,5
989,1567,2
1201,1517,4
811,354,2
1370,1794,4
90,864,2
440,991,2
1556,838,5
240,1348,1
7,1915,4
1891,264,4
1265,1890,1
650,110,5
1410,753,4
612,820,3
22,134,4
955,714,4
1120,210,5
265,1809,5
695,1248,2
626,1670,1
441,1174,5
1713,1313,4
574,639,3
430,326,3
579,797,4
170,1169,4
990,1117,2
1160,312,3
148,844,5
453,778,5
1409,1454,4
612,28,2
829,73,4
1851,1039,5
536,1786,3
894,1102,4
1499,1268,5
320,1945,4
1033,266,5
481,1242,4
586,1257,2
982,504,2
1404,1723,1
1898,1163,1
1722,482,3
504,804,5
630,614,2
1829,1690,4
1031,610,1
1329,837,2
337,116,5
1922,776,2
415,1456,1
1881,1439,1
1452,1352,1
1571,1294,4
126,1543,3
1104,316,4
670,873,5
443,1279,5
671,1935,3
1283,1484,2
1764,978,2
670,388,2
934,439,2
919,307,3
1945,1845,5
630,958,5
598,1290,1
872,1384,4
1705,89,2
100,680,2
427,1630,3
664,527,1
1833,7,3
242,1798,3
1541,977,4
303,203,2
310,1647,5
298,166,3
1108,1790,2
988,959,1
1352,1120,3
679,1747,2
1692,157,2
598,441,1
1524,1022,2
1811,1271,2
1951,1654,5
1088,1582,5
1587,791,2
814,1507,3
1157,186,1
143,54,3
1679,1600,5
968,285,5
1255,309,1
226,1951,4
1902,409,2
1338,169,5
393,636,4
1262,546,3
1380,260,4
1001,1323,3
1307,420,5
977,1593,4
50,174,3
1564,1283,5
1071,1546,5
711,1937,3
708,889,2
1937,23,4
1867,1223,4
3,198,5
1111,1478,3
1489,1211,2
540,1282,1
159,1545,4
1921,666,1
1292,1127,3
1779,720,1
292,1097,5
1233,1481,2
8,1881,1
1562,184,1
1409,1067,2
1707,1488,4
68,1529,3
658,1193,2
240,111,3
446,832,4
175,1318,4
1835,1598,3
1666,1037,4
861,1333,3
205,1325,3
1240,739,3
536,1891,4
720,355,5
592,1165,2
410,828,2
1320,1500,5
262,1745,2
170,1947,3
1905,1576,5
895,449,4
1517,1522,2
474,125,3
256,229,4
511,328,5
529,278,5
740,1711,4
1181,1066,3
994,320,4
131,256,3
1557,340,2
1887,501,5
47,1226,4
1546,692,2
641,807,5
86,1062,1
1805,15,4
1051,802,5
850,1306,5
1743,1206,4
237,1666,5
1514,411,3
1981,819,3
664,979,4
429,591,2
481,1081,1
1628,1308,1
510,455,3
511,1939,4
889,544,1
52,1785,4
1720,1931,2
96,160,5
1429,291,1
1103,1733,3
536,1327,4
1098,538,3
413,1070,1
1851,68,5
770,1562,4
830,1509,3
1602,623,2
1265,1394,4
517,654,5
1331,1316,1
1501,947,5
144,1087,3
111,1867,1
653,1199,4
1588,829,1
1663,1878,2
1009,1710,4
1043,774,3
1182,1538,5
1129,1237,2
54,1084,3
369,434,2
976,682,5
1516,1898,2
1143,827,2
1735,759,2
569,1258,2
550,1812,2
580,808,4
210,899,2
1139,1289,4
30,122,5
274,1471,3
1160,314,5
1820,1698,1
960,437,5
250,1967,5
1706,1886,4
834,708,5
1107,1407,4
1001,366,5
287,1405,1
513,594,2
954,49,2
1316,115,5
846,1328,1
328,1586,3
454,1808,3
854,471,5
886,806,1
732,1751,1
511,789,1
302,817,5
1438,18,5
504,1699,2
1912,33,5
568,1361,3
75,1828,3
413,1701,3
1491,412,3
1105,1795,1
728,29,1
1783,858,5
1170,1296,5
1136,1624,5
446,1041,2
77,1904,5
1844,1000,3
579,1196,3
1670,1607,4
1877,1734,3
1166,401,4
1350,469,2
251,1253,4
1767,1605,1
1722,1088,4
394,886,5
1749,825,1
916,861,3
1614,1214,1
1113,521,4
167,1012,1
1357,648,1
965,657,2
307,635,5
932,1940,4
171,458,3
754,153,3
607,1740,4
381,178,1
1874,999,1
737,1075,1
806,1101,1
1556,376,2
165,843,4
1483,894,3
1896,1614,2
596,1498,1
668,162,1
1977,1222,1
1122,1505,2
1889,103,2
642,461,2
310,1720,4
914,247,5
141,986,1
1029,1068,1
1552,1504,1
149,960,3
1423,207,3
578,1712,2
364,1112,1
158,1528,3
1617,673,4
819,1882,3
1796,104,4
1698,1662,2
274,407,5
474,1450,4
1792,1512,1
871,1107,3
634,1284,3
1401,735,3
1010,1663,4
1514,5,1
1262,1547,4
746,1578,4
834,968,1
444,562,5
1652,228,5
59,406,2
772,1650,3
1041,386,4
1496,927,3
466,1683,1
1803,876,1
5,53,5
1905,1200,2
1898,1784,5
591,1255,3
502,374,1
564,1851,5
1106,417,1
385,1013,4
337,1853,4
308,1510,2
1922,1055,3
762,62,4
712,50,2
1031,1608,3
111,1074,1
1650,76,4
1532,723,3
1112,373,3
645,860,1
898,385,4
1599,1492,2
5,1871,1
1508,56,3
506,1243,3
1256,398,1
5,1160,5
870,737,5
927,1693,4
1014,525,2
51,1581,1
1273,1171,3
819,1648,4
1965,1080,2
657,862,1
811,514,1
1328,1288,1
1161,193,3
1800,1278,2
810,325,4
599,423,4
246,811,5
1270,1596,5
1755,294,1
1448,360,1
716,1449,2
312,1518,5
1814,1721,3
1949,988,3
1696,499,1
1619,1755,5
1160,1298,3
1637,641,4
303,35,2
1566,1021,5
76,1866,2
1844,691,5
957,1814,3
1332,741,3
1106,721,2
1203,1515,3
40,1058,3
1609,831,3
1310,1232,1
1681,1310,3
57,445,1
607,1761,5
1396,1151,5
444,1057,5
1114,213,3
1338,998,1
1327,1569,5
96,1513,5
1770,564,1
1326,1231,1
1943,1489,5
174,909,5
130,361,1
1608,133,5
455,1730,4
1035,1689,4
588,592,5
717,1044,5
1824,350,4
1609,970,4
293,1304,1
1973,1770,2
373,1971,1
666,1161,5
27,1113,5
736,1551,4
1356,1860,5
1915,1173,3
1137,1870,3
1061,892,4
1232,767,1
1384,1276,4
1955,1236,4
697,676,1
553,626,3
1709,1963,1
315,1665,2
953,1045,4
239,929,5
382,1771,5
575,878,3
1552,1451,5
1289,495,2
1042,405,2
656,874,5
320,1302,2
1600,629,3
1348,810,2
269,1903,3
1375,726,3
128,565,2
348,265,1
172,323,3
1775,758,5
74,1526,1
1419,542,3
507,1400,3
649,219,3
852,784,5
114,503,1
902,1620,1
680,44,5
480,1446,1
1575,1862,3
1729,475,3
1266,706,4
1631,1076,2
1540,1423,1
510,319,4
1079,1159,2
702,881,1
104,1884,3
234,884,5
155,36,4
498,331,1
68,777,5
156,1093,1
1660,716,5
1577,384,5
488,421,3
831,848,3
1343,1737,4
431,1376,3
1512,822,4
940,227,1
1742,1863,3
889,1031,4
1306,1827,3
35,1895,1
1073,1554,1
954,1322,5
819,1840,1
434,1552,1
460,440,1
1597,107,3
1084,1856,4
1385,1782,1
1560,313,3
69,308,2
1088,1005,1
1740,1341,5
1944,1338,2
1289,1613,1
521,913,1
1293,359,3
1672,1872,5
1123,106,1
1409,868,5
645,32,2
1426,246,5
123,1001,1
1114,512,1
1202,457,2
1636,508,4
694,352,4
873,154,5
1632,288,3
1087,129,1
268,857,4
1289,1634,2
1729,1218,4
525,971,1
540,1052,1
1008,609,2
1383,79,2
1589,917,2
373,1854,4
1646,277,4
317,1033,3
457,655,3
893,118,4
1482,98,5
508,1675,2
1148,290,4
545,867,4
1692,1621,3
330,1725,1
1773,77,4
151,1466,5
1830,576,4
1638,179,4
1160,435,1
863,1575,4
1744,793,4
955,1815,3
818,715,5
1113,1673,4
1108,1746,3
528,463,4
1378,1155,5
145,171,3
993,1448,1
1506,1919,2
1881,1287,1
1129,1539,5
1886,625,1
1447,1565,1
1462,568,4
1811,1108,1
1463,57,4
52,1775,2
1116,1550,3
705,1307,5
675,163,2
1465,1,4
1749,1043,2
408,607,1
806,1557,2
763,937,3
71,907,2
1872,727,2
1965,1769,4
1431,612,2
462,1228,1
1058,1580,4
883,812,5
317,467,4
1484,1216,3
1461,415,2
49,1603,5
97,254,4
399,1684,5
1268,1266,4
686,790,4
426,1726,2
1647,1229,4
739,997,3
1417,234,4
174,1330,4
764,627,2
362,879,4
547,262,1
1161,280,5
1267,206,3
1193,1774,3
1005,4,1
1145,1506,2
917,1491,1
1157,1763,3
1549,773,3
1473,694,4
1184,11,5
1866,1700,3
537,942,5
1887,38,4
1842,713,2
799,1928,2
855,1356,3
638,830,2
169,408,1
500,761,2
1320,387,1
1941,571,3
75,1246,4
593,396,1
542,1739,5
1026,1262,3
1776,1952,5
534,1064,1
1649,1272,4
1115,1337,3
67,488,5
963,1627,5
382,1339,4
253,809,3
1657,1483,5
1458,446,1
483,1415,1
1347,1435,2
1258,1297,5
1637,453,4
1006,479,5
135,1094,3
822,1834,5
1592,1245,3
450,718,1
172,1516,3
950,223,2
88,1841,3
79,738,4
1157,1561,5
1439,615,1
508,1142,2
98,204,1
1066,987,2
359,1969,1
1821,375,5
462,516,5
487,427,4
658,560,2
741,473,5
1191,898,5
678,730,5
590,1418,4
1292,1902,3
625,1329,3
737,1349,4
62,1758,3
105,1953,5
1329,1688,1
847,83,1
1342,1541,5
1864,1372,3
210,1664,3
1779,906,1
455,17,2
1392,579,2
46,1121,2
1404,757,3
233,1485,5
99,105,4
1728,1792,4
702,243,3
929,1595,4
1132,1126,4
1874,1910,2
961,199,1
1322,383,3
663,1346,4
597,509,4
1231,1314,1
702,751,1
210,559,2
890,1270,5
112,1497,3
1123,1172,1
1707,1879,5
23,1380,3
1305,226,1
507,1409,2
1645,112,5
515,1636,3
755,1143,2
596,1907,1
1209,10,3
1839,353,1
1845,281,5
1629,893,4
745,1501,1
1520,1591,2
551,1830,5
270,341,1
1295,345,4
904,258,2
1144,980,5
1961,167,1
750,1089,3
1386,1924,5
893,1273,2
1773,349,5
1468,1234,1
1137,1048,3
604,1239,2
1930,489,4
1246,1892,1
1575,380,3
1966,143,2
150,391,4
904,589,4
1625,1805,4
1038,389,2
731,1357,4
1740,1888,3
1068,432,3
292,554,1
506,1612,5
468,1735,4
271,1479,3
1165,413,5
1046,1368,3
227,1464,1
1561,1275,3
258,245,5
568,1130,3
845,299,4
1532,1601,3
638,356,5
235,651,1
1858,31,3
655,1417,4
754,138,2
27,1353,4
95,301,1
1901,1494,2
1530,523,1
770,1128,3
584,1395,4
467,1447,1
161,1233,1
1146,786,4
1455,131,3
1180,150,5
288,1590,1
1386,1917,3
1908,1716,1
1944,211,2
1825,1367,2
1961,141,3
671,215,3
54,492,1
458,1286,4
185,710,4
85,535,5
1613,580,5
382,1604,1
1453,595,5
60,1549,1
1939,1532,2
1191,1379,3
928,214,1
405,74,4
1743,1766,1
1188,1059,1
665,824,5
612,378,2
1367,990,4
392,1669,5
380,1370,2
1947,705,5
969,944,4
1244,1780,3
389,1007,1
895,1744,2
1656,1208,2
1642,289,5
702,1425,3
1978,1768,4
1535,487,5
102,717,2
1495,1632,5
1218,460,5
1473,1941,3
1360,1623,5
356,13,4
619,719,5
135,1319,2
1619,1559,4
1279,536,4
757,1004,3
480,1167,4
1520,1090,3
271,908,5
1812,333,5
23,1060,5
952,1209,5
1493,21,5
679,785,1
186,1574,3
1946,957,5
812,336,4
516,1360,5
501,194,3
729,1731,5
1015,491,4
1720,1249,3
829,608,3
619,332,1
1867,964,5
970,601,2
1030,126,5
1927,201,1
538,140,4
1562,748,3
415,1880,3
786,1141,5
916,1014,1
635,747,3
1412,926,3
951,531,1
1946,130,3
724,302,3
1147,780,2
647,1365,3
1753,59,4
605,1362,3
1300,283,1
813,1822,3
980,664,4
1763,1181,1
1729,644,3
1051,1455,5
1316,799,1
1594,364,4
1812,1537,4
1305,1858,4
625,1643,1
953,1788,1
280,590,3
1939,1220,4
1298,1219,2
1229,1133,5
866,768,3
756,949,4
757,433,3
625,1754,4
1035,1185,4
1536,1281,5
411,1544,5
845,643,1
966,47,3
1917,347,5
1521,1555,5
1662,965,2
705,1168,3
1015,1422,5
291,3,3
822,1377,5
426,205,4
122,617,5
1717,450,2
1503,1703,5
1466,1568,4
406,1609,1
1342,1295,4
1199,962,3
713,1708,3
520,659,5
1925,788,5
338,530,3
1494,63,2
1409,640,2
1030,196,3
1830,943,1
1015,12,5
1295,1823,4
108,22,3
708,1508,5
1697,982,5
1354,410,3
1729,185,3
375,1949,5
1260,1715,1
1970,1938,3
588,1115,4
746,1837,2
1091,1625,2
1154,87,3
201,803,2
1850,914,4
1552,772,1
80,271,3
347,1732,1
1227,569,2
985,1736,5
1490,1463,5
1080,284,3
1853,1124,3
1211,1153,3
1583,1326,1
437,1259,5
815,665,4
1870,1524,2
1751,588,4
1323,1331,1
239,911,2
532,1681,4
1748,1789,4
1495,1465,3
592,362,5
945,1913,1
1861,918,2
767,688,2
1514,1086,5
1415,540,3
364,1772,4
1368,414,2
577,494,1
1245,275,3
1358,1046,1
200,1929,1
1560,1802,1
35,616,3
997,814,2
986,402,4
1132,26,4
332,108,2
1941,295,4
1581,1901,4
1829,611,5
1252,51,2
1528,1656,1
1800,1116,1
1693,1713,3
1281,1918,4
730,869,1
1106,221,5
1544,200,2
1133,477,5
1690,88,5
1457,795,1
341,1776,3
1651,740,1
997,161,4
42,48,2
448,293,1
388,177,4
997,792,1
1702,585,1
1021,930,2
656,1149,1
1590,1916,2
997,938,2
77,1709,5
1437,170,4
597,818,5
1423,252,2
1222,382,4
1002,1332,1
1889,343,5
1805,712,1
852,300,1
638,1018,3
356,1177,5
486,1201,4
1352,261,3
76,847,1
1412,826,5
1711,233,4
1920,1749,1
61,1433,3
1650,218,2
862,981,3
271,1461,5
982,147,1
52,600,5
794,1560,4
1508,1606,1
126,1392,4
354,1930,1
1748,687,1
220,1106,4
1084,798,2
518,779,4
1590,1638,1
1077,1069,4
56,577,5
1767,1482,3
1868,1728,3
1378,550,5
947,1641,1
673,1594,4
1569,1521,4
1001,342,3
999,863,2
909,765,1
991,270,1
1644,1682,1
100,951,5
1945,113,1
168,1011,3
1434,1383,4
315,697,3
428,1843,1
1628,742,1
1049,1502,2
890,1135,5
1891,484,1
109,661,2
1152,425,4
1182,1722,3
1349,1556,1
122,1122,1
1429,156,5
667,1847,4
154,16,3
1730,1432,2
1511,1335,3
627,1525,3
1787,566,3
834,1806,1
1017,1419,2
153,1009,2
494,736,4
913,541,4
1072,1511,3
748,1146,2
685,1036,2
567,1944,2
1596,1897,4
487,1852,3
968,173,1
570,114,2
114,1166,2
917,583,1
1513,1366,5
1799,1864,3
1029,102,3
1858,1162,1
1788,934,4
1293,1655,5
708,1846,2
1047,1883,3
1684,1748,2
1521,1207,4
1544,348,5
1512,1572,2
1314,1611,5
869,195,3
1390,928,5
1833,1807,3
708,1503,4
1603,570,5
941,462,5
1967,1875,3
1118,1364,3
503,1156,4
1740,1818,2
1798,1175,5
306,770,2
1314,621,5
1576,1948,1
1088,1729,5
878,85,4
904,1378,1
573,733,5
1853,1125,5
182,1652,5
1341,1679,5
1199,766,5
1806,634,2
791,135,1
514,1263,3
605,1292,1
1213,1486,1
223,744,3
137,948,2
1095,30,3
1877,1835,3
613,1096,3
1061,478,3
1478,543,3
1185,222,3
571,963,5
1260,505,4
71,1705,4
1553,1049,3
1839,528,4
132,430,1
222,557,4
1857,1514,1
193,267,4
1606,1265,4
101,835,1
358,890,4
28,1885,1
1240,368,4
1034,1972,1
314,145,2
1307,1797,1
683,1527,3
29,189,3
239,444,5
399,885,4
1956,950,1
1375,1566,5
1790,100,4
51,1099,2
1909,1100,5
533,1849,2
1851,1437,5
467,1429,3
651,842,2
1702,904,3
1160,1911,3
871,769,1
1335,1189,3
917,1300,3
1515,1285,4
1855,552,5
768,1616,4
1073,1548,3
1051,329,3
881,486,2
1863,515,1
1321,605,5
1956,1717,2
854,1893,3
1762,426,2
1812,702,4
1590,1414,3
1006,891,2
1757,1426,1
1580,1412,2
952,1381,1
1351,652,1
1521,1783,3
380,783,1
1462,961,2
69,638,2
329,1404,1
547,1563,3
780,548,3
1443,249,3
1071,1764,1
1368,1389,5
1448,1459,5
1924,973,1
337,1386,5
1553,1375,3
1903,330,3
110,1247,4
1093,255,1
976,1350,3
71,1796,2
1086,921,1
1056,1553,4
302,1640,1
1712,1470,2
451,704,1
1724,468,5
558,1453,3
1851,1225,5
151,620,1
700,120,4
347,1192,1
1746,37,5
408,92,3
1823,1203,5
769,8,1
773,519,1
515,915,3
1601,1707,4
708,602,5
1422,1003,2
878,1564,4
1523,642,4
1934,1573,5
1690,1651,2
905,1123,2
1784,755,5
388,632,5
1600,1079,1
859,72,3
389,454,3
569,916,5
173,1961,3
696,1347,2
9,1083,2
370,1542,2
956,1742,4
1829,1230,2
1948,65,4
855,442,3
437,888,4
132,242,5
1742,60,4
726,1942,2
1975,596,1
1439,584,3
635,900,4
912,725,5
1732,1114,3
1709,551,1
1733,86,2
1795,865,1
1393,1217,1
1753,1680,4
704,1396,5
1318,919,2
190,823,1
1471,1799,4
738,1635,2
24,1176,2
805,529,5
708,967,4
321,724,4
933,932,3
947,1092,4
1979,1315,1
1382,586,5
483,1592,4
3,561,5
1135,259,1
345,168,5
1263,1691,4
1375,287,1
227,357,5
290,1619,4
24,220,4
1399,1028,1
1582,148,3
1062,476,4
1046,781,3
379,317,2
1790,67,3
839,1777,4
996,1622,4
1464,1869,1
990,146,3
1379,939,4
154,1480,2
1596,1191,2
708,945,4
1722,533,2
873,310,5
63,1054,3
1708,327,3
901,1197,4
480,853,3
1749,1474,4
688,936,3
1975,394,4
553,1024,4
624,984,5
1146,1946,2
1160,1756,1
767,1178,2
417,1164,2
117,1743,3
1162,507,2
1331,1618,2
182,1936,4
1282,1015,2
469,69,2
22,935,2
1155,41,1
1741,1420,3
1229,1452,5
1818,549,4
360,19,4
1487,1040,2
541,1359,4
1132,1757,1
1341,404,4
1513,1194,2
1859,1588,4
815,955,4
1037,149,3
1095,2,3
1733,183,4
241,240,2
225,1235,4
663,1570,1
1274,1252,3
832,1324,2
1452,81,4
1506,506,4
987,800,4
584,14,2
1422,136,5
654,82,3
1002,1119,1
1750,273,1
750,452,2
969,202,1
1207,1599,5
1708,925,1
1774,732,4
1570,524,3
1672,1531,4
294,429,2
1870,99,3
758,1261,1
1781,587,5
690,972,4
637,137,4
688,71,1
1044,1677,5
797,132,4
1332,119,4
58,956,2
1455,1727,5
949,268,3
563,123,4
1694,518,4
1045,775,4
1929,1906,4
1636,630,5
209,370,3
1727,1421,3
1742,701,4
1523,1724,4
1595,1760,4
1781,496,2
1409,933,1
1580,1477,2
793,678,2
657,1696,4
1445,181,2
1637,1053,5
947,1411,3
1776,498,1
715,1602,2
1610,1317,4
613,1430,3
1722,598,4
128,895,1
662,438,2
1119,306,3
1353,1927,2
1129,159,3
189,1658,3
7,1957,4
116,1577,2
267,1833,4
1561,1964,1
878,582,3
1887,920,2
364,197,5
137,1427,4
125,941,2
1096,662,4
1091,1950,4
111,66,3
91,390,1
118,870,2
1284,109,5
146,1536,4
606,1458,4
612,1820,5
849,27,1
747,1387,3
959,1826,2
1903,849,4
1922,188,4
321,1921,1
354,237,3
1037,1147,3
1577,1900,4
642,1026,4
951,1309,5
1190,1571,3
429,1436,4
725,1369,3
533,502,3
1368,1859,1
842,1499,1
868,1129,4
1103,269,2
85,1345,3
1336,1256,3
351,1832,2
364,142,5
977,1050,2
1573,599,2
1897,1926,5
443,84,2
171,745,2
760,1110,5
381,379,1
1463,1779,5
925,882,3
1228,1678,2
731,698,3
884,456,4
117,1431,4
1554,1646,3
673,1254,3
514,1136,2
1738,1227,3
1878,339,2
1791,1631,4
6,1718,2
1974,279,4
1188,573,3
1916,624,2
1063,381,1
376,1321,4
162,419,3
944,940,5
990,45,2
1957,1280,3
1111,1909,1
1972,1959,2
1767,856,3
1350,96,3
535,1180,4
622,464,2
986,1778,5
1601,1355,4
1391,787,1
596,816,4
610,322,3
628,1393,1
1941,1428,3
1891,631,5
361,1251,1
159,1077,5
1897,257,3
33,1179,5
1605,1468,2
1036,493,1
328,923,2
607,144,1
1705,1388,1
1942,39,3
258,1344,1
896,1150,2
1458,1759,5
1895,1042,4
866,711,3
228,1184,1
1685,400,1
1637,901,1
691,1390,5
1428,993,5
162,182,3
1830,276,5
1614,190,1
835,754,3
608,1475,1
1708,1873,1
535,854,5
1573,1401,3
900,1649,3
1685,497,2
1209,1877,5
1942,836,2
1723,1305,5
1361,1027,2
938,1342,3
246,1773,4
996,675,4
530,1487,1
1152,1816,3
1464,1660,5
609,1183,1
1642,593,3
1030,1438,2
1615,232,1
720,1132,4
1629,1579,2
1853,728,1
128,722,2
261,1385,2
830,231,4
947,603,1
120,1960,5
422,709,4
1845,762,5
762,1825,2
190,976,1
57,1118,4
541,1908,5
1381,996,3
1043,335,1
55,734,1
1573,1628,2
1099,547,2
1098,1047,1
921,292,4
1520,522,3
1199,304,5
1873,1098,2
1302,1139,3
312,1085,2
1462,846,3
717,1954,2
285,668,5
362,1363,5
1705,377,3
1429,653,5
1156,1023,4
453,40,2
512,1702,5
370,1244,4
483,363,1
1426,578,4
227,1850,4
1660,1354,5
1614,217,2
355,695,1
510,1131,1
294,481,2
1181,1303,3
975,658,3
814,158,5
1004,845,4
708,176,5
1911,1336,5
1420,238,1
1200,650,4
1713,1476,5
679,1804,2
1887,392,1
637,1610,2
991,1267,3
1879,1490,3
1527,850,3
1372,532,1
1392,1442,4
691,1933,2
1012,371,2
1218,855,1
290,1301,4
553,1320,3
560,513,1
1731,684,2
633,216,4
1546,1965,3
764,1103,5
367,305,3
1088,1072,4
1380,1894,2
1547,1642,4
393,393,1
1639,334,3
633,239,4
869,1032,5
896,64,5
736,1534,5
1586,298,2
409,1105,5
1789,1810,4
1916,175,3
1141,1444,2
985,321,5
1717,61,3
1609,558,5
1197,1855,4
1246,1399,3
252,1065,5
1502,1738,3
894,983,1
1704,1198,4
1697,1587,4
820,1741,4
606,994,3
1448,78,3
216,905,5
1428,431,2
1067,1962,2
1497,1144,2
1187,1922,4
349,1674,3
1316,1030,2
1946,752,2
839,272,2
57,337,3
812,1152,4
127,43,1
489,985,4
1003,1187,3
620,1583,4
1783,574,2
209,910,1
766,619,2
1941,1424,5
205,679,4
340,1010,4
1731,628,2
826,931,1
1149,465,2
1229,555,1
473,880,4
583,1955,4
1072,1639,5
384,1836,5
1056,152,4
1055,485,2
344,1657,5
193,852,4
1358,1520,2
730,1956,3
1091,338,2
1431,1687,5
1911,1473,3
1041,1644,2
1239,9,3
224,756,1
253,1697,3
1574,511,1
961,1212,5
1879,1104,5
1931,815,5
984,669,3
1888,995,2
1476,851,5
1123,1857,4
829,618,1
1010,645,4
80,1912,3
1459,1340,4
191,1970,4
439,1472,4
379,90,5
893,1645,2
324,649,1
1322,192,3
612,674,2
495,1264,3
484,418,3
1473,474,1
1506,1803,3
1693,127,2
1274,1672,4
1427,902,2
1046,225,5
605,395,5
488,101,3
1972,749,3
805,251,1
1910,1558,4
1559,58,4
984,1382,1
1171,1896,2
1393,1460,5
347,897,4
1034,763,4
724,1706,2
1079,399,5
1837,805,5
161,794,3
998,1111,1
1389,833,1
1784,155,4
1150,1719,3
530,1667,5
56,681,2
1191,1170,3
439,1035,5
1366,1038,3
301,1413,3
812,1801,3
436,1695,1
1700,534,1
1167,1210,3
1619,1819,5
1460,703,4
958,296,4
655,1061,1
70,537,2
1183,677,3
1128,1416,5
1785,813,4
530,1629,1
1654,821,1
794,172,3
918,1190,4
477,1589,4
512,1496,2
370,1002,3
955,1617,5
214,20,2
23,75,3
228,1876,4
420,1838,1
1108,883,3
1503,369,1
1197,954,2
325,633,2
1120,1943,3
585,212,4
1174,1051,5
1443,1017,2
454,208,3
1790,297,5
159,685,1
1950,545,2
99,55,5
1929,1584,1
952,689,4
1533,1519,5
855,1661,3
681,1694,5
524,1752,3
826,244,5
278,443,3
1846,1934,2
1782,117,5
717,670,1
970,315,2
911,97,5
411,365,3
1959,80,3
243,952,4
1976,1781,5
1088,1676,1
1527,1914,5
1628,1274,5
668,646,2
1798,274,2
1689,1221,2
205,180,3
992,1633,4
517,1019,2
1683,1269,1
341,782,1
1288,1842,1
1020,1966,2
938,282,1
389,663,2
744,922,2
1238,1406,3
461,1920,5
1771,796,4
839,490,1
934,1095,5
291,1811,4
847,1821,3
1578,1467,4
1923,346,1
1205,372,1
1965,841,5
642,1109,1
560,1374,5
719,1791,2
153,597,4
1399,953,4
939,1371,1
1925,6,4
1047,470,4
275,975,5
782,1073,4
416,1311,3
124,1813,2
804,746,2
1142,95,3
118,236,5
1536,25,1
354,1637,5
1203,1787,1
1820,139,2
1257,859,2
295,729,3
424,241,3
430,34,3
408,1148,1
837,693,2
1936,1767,5
1868,250,3
1762,526,4
1848,46,1
1392,1063,5
59,70,4
1616,1844,1
358,52,4
1623,1157,4
1871,1445,1
355,671,5
1053,1025,5
851,1213,2
1529,572,1
1345,1034,3
1691,1750,1
1760,428,4
1225,1597,2
1831,517,2
259,209,5
964,731,5
1350,974,2
477,1403,1
1536,760,5
1350,483,2
1946,912,2
1236,1398,1
1493,500,2
346,1154,5
1059,563,1
229,969,1
1885,1968,4
151,1686,2
150,1215,2
1729,1029,2
1373,1293,2
1032,575,2
344,1056,2
897,1238,3
983,1140,1
1598,877,3
1354,1626,1
1011,700,1
321,1653,1
1644,1391,1
1909,472,5
1061,1291,5
128,1800,5
1743,1408,2
845,480,2
1886,1008,4
1356,1410,5
1031,1887,1
633,93,4
439,466,4
641,622,4
524,94,5
493,42,5
911,1874,4
8,1829,4
143,1585,4
387,1312,1
1775,1523,2
1276,1358,2
1072,1958,5
896,253,2
1949,1831,5
240,1469,4
466,128,5
1277,1923,2
177,1817,3
1973,235,1
1821,1078,5
1965,1204,4
44,1334,2
1778,1925,5
22,1865,1
1933,1397,5
858,1685,1
505,1659,3
661,539,2
1045,637,4
893,224,5
160,1016,4
1894,647,4
1952,1138,3
310,707,5
834,1351,3
1319,164,2
1495,690,4
1786,992,5
1698,604,2
1273,875,2
117,1277,3
205,459,5
1261,696,5
1380,1224,1
1012,1434,2
981,1134,5
454,1457,5
1458,286,4
1480,1441,1
249,1091,3
755,567,5
80,924,1
1570,1839,3
275,344,1
1044,510,4
808,324,1
1596,1861,2
1096,1020,4
834,581,3
1376,351,5
864,750,4
401,660,4
1216,896,2
861,613,3
733,1762,4
1321,422,2
961,1493,3
684,187,4
1768,436,1
1634,1373,5
664,121,4
1891,263,5
1543,656,5
312,1082,4
1524,1714,2
1909,1704,1
1521,672,2
1098,1530,5
844,367,4
742,520,3
1684,840,2
1007,1671,5
1437,165,5
146,325,1
978,391,2
753,182,1
93,466,5
120,197,5
823,489,1
1591,142,3
597,456,5
1108,193,1
53,206,1
1716,306,4
21,232,5
1114,179,2
1536,403,1
480,57,3
390,46,3
1765,200,3
1628,79,3
83,494,5
855,488,4
1553,96,5
1256,331,1
675,405,3
1228,91,3
989,6,2
1605,288,3
1415,482,2
1794,501,5
1955,160,5
106,384,4
679,163,5
1706,127,1
1060,301,4
1240,189,1
385,444,3
141,33,1
438,102,3
1173,308,4
993,472,2
1704,82,2
1380,253,1
1026,502,2
1902,293,4
319,117,5
1396,507,1
354,108,2
63,101,2
1494,365,1
1350,90,3
1418,267,4
1243,285,4
1583,372,4
617,283,1
1266,216,3
477,385,1
897,145,1
1703,294,2
677,103,1
1039,241,1
315,23,1
102,74,4
1855,464,5
1079,292,5
801,238,4
503,231,2
85,83,3
921,138,3
204,328,3
1908,479,5
1806,480,5
482,237,2
272,322,2
458,215,3
480,164,3
805,457,5
67,477,1
1047,287,1
1367,158,3
535,338,4
1199,51,5
1200,263,4
444,180,3
687,421,5
487,18,3
518,251,3
480,452,5
1754,30,2
1127,334,1
649,52,5
477,257,4
923,217,4
475,194,1
365,133,1
1559,49,5
347,296,3
143,161,4
1663,225,4
1419,291,2
323,454,3
501,417,2
633,279,5
1147,498,3
1626,76,4
1442,59,3
290,45,1
824,176,4
951,434,1
1806,188,2
1060,214,1
1086,467,1
1879,311,3
925,121,5
4,230,3
1445,418,3
704,427,1
457,350,1
1848,153,5
643,139,3
1671,41,3
1298,175,4
1666,228,2
114,239,5
990,277,2
604,373,4
1908,247,1
456,380,5
40,330,2
522,10,3
589,298,2
1274,300,2
1802,63,5
1830,68,3
1660,312,5
59,493,2
699,465,3
1715,316,4
1695,17,5
1338,339,1
867,201,2
1078,256,5
1293,265,4
1910,414,3
1172,243,1
1803,461,3
934,481,3
1602,475,3
897,97,4
1180,223,2
327,212,5
1290,73,5
1935,70,5
204,192,4
1717,20,1
993,295,3
1431,408,3
258,273,1
1976,455,4
856,321,5
220,54,2
1348,177,3
438,166,2
359,202,4
340,486,2
837,397,4
1893,503,1
442,333,4
796,249,1
785,155,4
1163,400,1
1057,259,5
368,242,5
985,423,1
693,437,2
871,132,4
1017,394,4
1893,186,3
624,504,1
836,24,2
108,432,3
716,354,5
1313,157,2
1401,104,5
1878,25,4
1719,88,1
1920,471,1
1620,34,1
225,53,5
1463,39,2
1688,112,2
1703,406,4
651,107,3
451,61,3
1714,495,5
287,469,5
63,278,3
1143,390,1
1428,98,2
750,370,2
253,271,2
371,446,5
1677,363,5
1764,94,5
1702,84,4
555,399,4
459,483,5
95,105,3
153,473,1
1281,393,2
735,345,1
432,487,5
676,299,3
1340,270,4
162,360,4
1882,248,1
672,476,4
1219,359,1
476,353,3
1634,426,5
800,441,4
1298,109,1
283,255,2
1945,151,1
316,93,4
912,22,2
570,386,1
299,250,4
1526,31,2
1369,205,4
154,492,3
690,81,4
1445,433,1
1931,371,5
592,226,5
1691,429,2
1483,356,4
1948,148,5
1362,375,2
283,281,5
1929,245,2
395,72,1
341,324,1
313,244,2
973,218,2
1373,275,3
920,304,1
812,196,2
1502,274,3
1134,55,2
1680,15,5
1129,5,5
1253,305,4
1090,332,1
1067,411,5
269,78,3
1566,152,4
1315,56,2
864,401,5
373,355,5
1645,122,4
479,402,5
1604,409,1
615,191,4
1373,42,5
1522,9,5
440,252,1
1644,419,5
134,478,2
763,126,1
865,86,3
1184,381,3
198,120,4
1707,395,2
1586,453,1
1080,50,5
769,85,2
915,450,4
1754,269,5
1433,317,5
999,165,2
1453,443,4
1424,358,1
886,113,5
1410,35,5
429,442,1
436,14,3
1643,67,2
1629,302,4
1089,222,3
1372,368,3
1067,416,5
656,65,2
649,309,4
1794,47,3
1901,396,3
467,448,1
1772,348,2
896,234,4
1410,310,1
1637,170,3
1616,388,3
797,266,3
447,326,5
753,154,2
1622,198,4
1550,366,1
1373,410,5
127,439,3
1043,143,3
65,69,5
153,210,5
1871,213,2
1113,404,3
236,389,4
1796,27,5
1878,307,2
510,211,2
1476,377,3
1350,303,4
1340,95,1
801,187,1
471,146,3
1800,149,2
1496,364,3
450,435,5
264,491,4
501,129,1
989,38,3
654,449,2
502,58,4
913,436,5
25,506,5
407,336,1
972,64,3
926,412,4
1332,344,2
295,21,1
1280,367,3
523,32,1
457,71,5
1679,407,1
159,458,3
789,272,2
900,185,1
1142,114,2
784,181,1
113,140,2
757,474,3
568,497,4
1511,159,1
1372,347,2
4,135,3
1885,184,3
565,11,1
1074,168,1
539,351,5
256,171,1
1472,1,1
1459,80,4
1487,75,2
1441,227,2
1959,162,1
654,445,3
1643,235,3
1522,438,1
1290,313,3
1377,383,1
1099,500,1
1368,36,1
55,204,3
1676,485,3
530,233,3
1879,329,2
1747,203,5
1356,26,2
939,505,1
575,169,5
597,190,3
1689,447,4
1298,16,3
1098,342,1
381,362,3
1813,111,1
1459,451,4
1404,378,4
1553,240,5
740,496,3
1224,431,1
1235,128,5
1184,260,4
312,8,3
1675,387,2
137,268,3
135,207,2
1263,12,2
982,484,5
1406,323,5
1620,48,2
1939,13,5
1485,357,5
1484,7,1
1809,463,4
586,349,3
554,424,4
108,361,2
1964,29,1
856,2,1
1190,115,1
1905,119,1
947,195,1
508,4,1
1055,172,2
1719,376,5
985,110,3
570,280,1
1899,320,1
1051,77,4
957,100,4
1004,369,1
1904,289,3
1880,224,3
673,137,1
1861,141,3
913,428,4
190,118,1
1377,209,1
155,314,3
588,430,2
940,337,1
1804,335,4
871,208,4
1123,374,3
1245,89,3
220,3,1
1574,125,4
39,221,5
971,131,3
1756,134,3
1913,440,4
1062,460,3
1432,261,2
906,66,1
1749,382,3
1081,499,2
1336,219,1
947,413,3
976,236,1
216,40,5
756,398,3
1881,156,3
1622,62,5
701,150,5
523,173,3
1123,392,1
930,147,2
252,123,4
1398,220,3
1505,415,2
1896,284,1
571,124,3
941,116,4
1599,470,1
1372,286,4
1501,282,4
1554,43,4
725,379,5
1868,319,1
1089,106,5
1268,352,1
930,318,5
1043,92,2
1119,341,5
1850,290,1
642,246,2
222,167,5
693,276,3
1039,462,1
101,28,4
849,490,4
1800,262,3
1447,420,1
296,254,5
1446,183,1
971,264,4
162,315,4
1285,340,1
6,297,4
1304,19,4
1608,425,1
1496,130,2
397,422,5
1725,258,3
1372,199,3
836,37,5
1183,174,2
923,229,4
1690,346,1
1538,459,2
116,44,3
525,87,3
1188,343,1
1026,327,1
563,136,4
1963,144,1
177,60,3
172,99,4
300,178,3
58,468,2
1468,159,2
6,273,4
909,408,2
58,376,3
1786,331,2
784,119,1
767,51,1
557,30,2
518,310,1
103,126,1
859,68,2
1078,84,1
1367,393,4
431,493,4
1685,124,2
385,262,4
680,258,2
948,481,2
1441,475,3
737,29,3
1421,373,5
265,336,1
602,503,4
1298,488,1
71,458,5
1859,39,1
1256,232,4
657,352,1
1056,91,2
191,255,4
295,184,3
1698,209,2
825,94,4
159,298,2
748,97,2
1128,282,4
1667,36,2
64,72,2
114,120,3
689,459,4
1545,204,5
179,495,2
1956,225,2
405,407,4
770,192,5
1286,147,4
640,320,2
815,502,3
73,150,2
1454,56,2
195,193,5
728,174,3
1348,155,4
1322,394,2
388,463,1
863,252,1
1948,246,1
965,396,2
385,145,3
231,450,4
942,128,2
1875,264,4
1484,140,2
911,462,2
713,501,5
440,469,2
1761,7,1
249,498,2
1274,335,4
1517,397,2
1378,496,4
1377,464,2
956,115,3
253,164,1
1495,455,3
871,93,1
700,283,2
1658,286,4
246,364,2
1778,404,1
1270,279,3
1574,326,3
494,208,5
1311,231,2
1115,112,2
1292,224,4
960,274,1
923,47,3
707,433,5
564,476,2
869,277,4
1663,89,1
1064,479,2
1514,461,4
699,499,3
1327,163,4
208,365,5
1025,425,1
1354,213,1
1753,206,4
289,429,1
360,235,3
244,227,2
55,165,1
1512,351,1
588,276,4
1668,229,2
39,186,5
1181,299,2
1839,389,1
525,167,2
927,125,1
1021,194,5
298,88,5
1902,111,2
399,267,2
385,173,5
998,221,4
37,486,4
443,261,2
1339,420,2
1914,451,4
210,293,4
217,234,4
604,334,2
904,67,5
1031,436,3
836,16,4
233,388,1
770,157,1
1790,92,2
1340,431,4
1760,484,5
556,113,2
1934,272,3
364,453,5
130,327,1
550,26,3
857,460,3
596,290,1
5,344,1
886,169,4
932,294,2
716,49,1
999,85,1
239,437,1
1945,107,5
245,87,3
871,292,2
1395,104,4
1888,343,4
1476,236,3
152,435,3
122,110,5
259,240,4
1478,75,1
1878,311,3
774,144,2
1254,170,5
425,90,3
43,441,4
1832,390,2
414,414,5
869,106,4
248,361,5
1075,133,5
1218,154,5
1581,136,4
1112,212,5
884,370,4
1315,442,1
619,215,2
356,322,2
862,278,4
558,428,4
1046,288,4
752,69,5
865,304,2
68,416,5
1561,44,3
1141,21,1
1716,103,3
106,228,3
1045,5,2
926,121,1
1860,297,3
1593,43,1
1080,447,5
1048,287,2
1887,265,5
1762,73,3
501,260,4
835,245,5
335,148,2
47,168,3
954,129,5
1482,329,4
1499,28,5
1217,432,4
205,4,2
59,196,4
1793,141,1
1643,242,4
1544,201,4
1721,398,3
134,250,4
998,378,1
1548,473,4
1266,116,3
1744,426,3
732,23,5
424,152,4
60,243,5
431,419,3
1366,494,5
1250,440,4
322,291,2
1067,330,3
1565,127,4
914,181,5
1255,411,4
1245,24,3
888,86,1
92,263,3
105,15,5
1577,105,1
611,368,5
805,465,3
739,64,3
848,271,1
1740,306,5
1767,183,1
1563,187,4
1661,46,2
1099,249,2
122,247,3
355,266,5
1975,366,2
1618,505,1
431,1,2
579,377,2
534,63,2
1976,395,4
779,302,5
1680,382,4
993,318,1
1850,357,3
1208,19,4
1559,13,4
1739,211,4
1288,80,1
473,156,4
71,375,3
1533,131,3
1866,402,4
824,153,2
250,497,3
1120,76,1
261,374,2
1150,427,4
60,222,4
364,178,1
41,308,4
1901,130,2
1173,38,4
1964,108,2
1820,220,3
137,151,2
1547,500,3
845,37,3
880,325,5
589,345,4
1916,82,1
1749,254,3
298,372,3
1273,53,2
476,471,1
1323,312,5
941,166,3
202,48,5
797,256,1
1274,253,4
1421,197,4
961,323,1
1176,307,3
1193,468,1
149,338,1
1743,11,1
488,137,2
1696,467,3
1228,445,5
1958,177,1
901,399,3
171,316,2
1213,142,2
1295,353,3
1389,40,3
255,55,3
1083,122,4
306,81,5
342,360,4
1135,9,5
828,446,1
1039,98,5
392,379,5
1659,506,4
317,27,5
179,149,4
563,6,4
1370,57,1
404,117,1
1673,385,1
769,54,3
869,474,4
54,71,4
1098,413,3
1487,2,4
1530,314,5
751,251,3
1884,415,4
1298,284,4
1859,350,5
470,405,1
722,289,2
303,270,3
479,77,5
179,233,5
1286,188,1
1585,172,2
875,358,1
364,387,4
369,205,1
1456,74,5
59,10,5
123,333,4
122,146,1
1362,198,3
1956,339,2
556,423,5
1820,45,5
1185,135,2
223,457,5
686,349,2
1286,347,1
1747,52,2
1660,315,2
1337,60,1
773,281,3
529,480,3
800,321,2
1015,171,4
1748,386,4
668,268,2
1940,32,1
1324,355,5
1366,210,1
1536,410,3
1184,337,4
527,134,5
826,238,5
1073,66,3
1607,200,2
1454,332,1
724,487,3
1930,400,4
624,403,3
98,70,4
1383,409,1
1786,490,5
182,257,3
1105,158,4
284,182,1
589,342,5
839,478,3
957,443,3
350,295,5
876,199,4
1422,438,3
1467,139,3
873,160,2
1811,367,2
1710,444,5
382,216,5
1220,434,4
1604,362,1
1415,50,2
192,507,5
1940,109,4
755,340,3
461,466,1
108,191,2
734,114,1
1169,78,5
603,452,5
1784,485,1
54,176,3
1526,417,1
573,195,3
1076,33,1
248,180,1
1304,8,3
355,95,4
956,449,5
633,406,5
540,65,1
1061,175,5
1962,472,1
1855,341,3
238,202,4
70,219,4
1919,143,3
1098,491,5
516,61,1
1604,42,5
295,301,1
716,285,1
511,217,5
659,456,4
469,102,3
67,483,3
1604,328,2
1611,384,4
1745,12,3
275,18,1
1426,280,3
1871,161,4
956,324,3
39,317,2
507,424,3
187,477,1
391,383,3
1349,218,3
1177,241,1
1506,313,2
1322,185,5
566,346,5
1116,381,2
1302,34,3
1258,3,4
911,179,2
1651,259,2
1968,422,2
570,226,5
655,300,5
1938,492,5
133,363,4
476,96,3
64,22,5
1966,138,3
977,239,1
1326,305,2
1025,354,5
1388,203,1
820,319,4
282,371,2
1881,504,3
1487,17,3
100,25,1
1487,309,4
1317,421,2
634,59,2
1046,296,4
1201,41,4
1912,237,1
1495,244,3
1980,359,1
122,83,1
1225,35,2
166,369,5
1344,356,3
421,439,5
1022,401,4
490,162,3
1911,101,3
678,31,3
1758,223,3
1621,190,5
696,275,5
1189,380,4
1975,207,1
582,230,5
1952,303,4
480,269,3
1047,418,5
29,248,2
328,348,4
629,489,3
1492,123,1
503,100,3
1957,99,1
574,132,5
1528,20,2
1060,430,3
104,58,2
998,79,3
1679,448,2
1856,482,5
1759,214,1
368,14,4
406,118,4
1624,345,5
125,307,3
563,152,1
197,161,2
1690,170,3
832,39,5
47,44,4
1870,300,4
159,115,5
338,482,2
176,371,3
1077,80,1
754,296,1
108,154,2
1179,150,3
239,59,4
1529,444,4
1521,445,4
837,352,3
1934,244,1
1607,264,1
1887,228,1
152,234,3
1126,2,2
699,480,5
220,364,2
1435,251,5
1080,443,1
1800,439,2
1877,436,1
634,499,2
1776,246,2
1580,129,4
795,158,2
1705,410,1
7,365,3
1650,288,5
1960,402,5
1481,442,3
1212,280,4
1009,173,3
534,3,4
787,127,2
770,104,4
1754,446,2
417,229,3
1453,71,4
990,49,4
1064,76,4
215,293,4
1701,86,1
924,235,3
313,272,1
1547,215,4
172,5,1
718,325,4
1345,177,3
1750,73,5
330,166,3
1063,470,4
731,116,1
1127,19,4
1351,40,4
1931,286,1
562,107,5
4,404,2
1026,212,3
1794,484,3
1886,213,2
1678,27,5
624,46,1
1221,372,2
1711,208,1
1350,34,3
461,43,2
1394,294,2
523,103,2
54,434,5
1864,241,1
1917,358,1
327,491,3
1583,85,5
913,503,2
1667,411,1
1620,382,4
530,417,3
498,463,4
579,211,1
1341,476,3
1568,356,4
634,450,3
1623,249,1
1045,119,5
1405,337,1
1550,242,4
493,283,1
1521,361,4
359,461,5
1196,469,3
784,96,5
1937,474,4
70,386,4
1127,391,1
1316,454,2
1475,319,3
1895,366,2
236,221,3
1524,199,2
281,330,5
84,102,2
25,498,5
737,11,5
1705,464,1
764,483,1
352,83,4
1465,140,5
376,149,5
1632,323,2
394,414,5
475,506,2
1967,310,2
825,165,3
1438,400,5
1512,253,5
837,318,4
406,4,5
1394,8,5
687,143,3
214,320,1
899,298,4
1561,284,5
38,334,2
1015,180,1
1257,35,3
1828,252,5
633,290,5
1297,7,2
358,418,4
1765,396,4
1442,51,4
627,231,1
137,287,3
1398,89,2
1564,61,4
674,17,2
338,435,1
1832,459,3
815,78,1
1540,214,4
1094,93,5
1330,261,3
424,230,3
985,50,5
197,181,4
1361,77,2
109,141,3
1450,200,5
1806,138,2
229,447,4
1762,397,3
1516,250,3
1760,467,5
387,114,1
1684,98,4
583,101,1
58,370,4
876,456,4
908,338,1
775,130,1
221,376,2
1272,186,3
1473,95,3
1040,384,1
635,236,5
1243,347,1
1488,188,4
89,184,3
540,348,4
1247,448,5
1374,118,2
553,299,1
340,238,2
833,497,5
1436,395,4
112,317,3
1619,329,1
633,494,1
1911,360,2
1112,176,5
40,64,3
1815,75,2
1075,227,5
141,332,5
1632,145,2
749,68,1
1487,63,3
1378,409,3
1607,1,4
32,219,5
1902,375,4
118,455,5
519,239,2
1364,81,2
1888,451,4
1043,123,2
1284,30,4
1754,178,1
202,69,2
1254,148,2
1790,263,2
875,437,3
1077,247,5
334,452,5
1914,146,4
507,151,2
120,26,4
1178,28,4
1486,174,5
803,160,1
1305,427,2
1802,276,2
635,314,4
1345,441,2
385,392,4
810,267,1
755,277,1
1002,507,3
1385,222,5
761,112,2
1330,346,2
1696,206,2
874,100,2
88,254,4
1507,237,4
459,274,3
1206,504,5
1242,492,2
734,430,2
769,33,2
1207,387,1
178,295,1
1906,270,2
1790,354,5
469,289,1
818,259,2
1494,125,5
929,52,4
1630,9,2
689,232,1
806,457,3
1726,194,5
182,271,4
818,486,2
1286,243,1
1332,131,1
1499,344,4
1864,311,2
555,390,4
1390,316,1
376,472,5
949,157,4
870,124,4
356,24,4
443,156,1
921,117,5
1193,90,2
1259,113,5
1258,377,1
1918,343,3
1638,380,2
1863,328,2
1372,462,5
1147,133,3
744,281,4
1839,92,3
396,205,1
1943,458,5
1634,324,2
1395,359,3
1801,401,3
947,282,4
132,84,2
321,489,5
1516,421,4
1425,275,1
1123,257,5
1396,42,4
648,79,3
1597,350,3
760,41,4
1068,198,2
514,305,1
105,216,1
899,111,5
1858,210,1
114,268,3
1351,18,3
417,57,5
434,106,3
597,209,2
926,279,3
443,340,2
836,66,5
1544,500,1
483,191,1
841,226,5
1500,255,1
1397,408,2
378,132,4
1059,168,2
1096,481,3
1910,245,5
1458,16,3
175,468,4
997,428,1
1134,45,5
1830,139,2
246,393,1
397,88,5
1748,487,1
1218,136,3
569,137,5
439,420,3
1253,172,1
883,432,3
921,269,3
1675,128,3
297,373,5
1690,262,2
1590,477,2
122,466,4
564,403,1
1819,297,3
185,412,2
1385,223,1
262,187,3
1656,465,5
475,405,4
1197,21,1
540,185,1
1691,256,3
857,99,3
1473,368,2
1585,218,4
432,179,3
1889,53,4
1667,217,2
1765,488,4
1641,183,3
1345,195,1
189,303,3
1303,202,4
653,48,4
1250,378,2
309,233,4
1039,207,1
1375,6,2
1196,341,4
476,440,2
881,159,3
1114,155,4
1373,415,2
799,182,1
1793,363,2
1699,55,2
1308,14,4
928,349,3
406,164,1
98,355,1
1114,342,2
248,29,2
353,171,5
1373,335,2
1070,321,2
102,357,4
364,304,4
990,65,5
472,10,5
25,56,3
181,306,3
1469,351,1
287,475,5
180,473,4
1638,192,4
42,162,1
1964,58,1
302,292,5
1835,315,1
1198,189,4
1697,478,2
1257,32,5
1655,398,1
1722,490,1
26,169,4
1770,204,5
1211,203,2
799,190,2
248,285,1
1898,502,1
1744,308,5
637,31,2
1952,167,4
1322,327,2
1442,163,1
801,20,2
1715,153,4
961,313,1
567,122,3
23,460,4
873,326,1
600,389,3
857,433,1
1869,431,2
1042,47,4
1815,91,5
1395,144,1
383,142,1
60,67,1
1694,110,3
883,258,1
800,385,1
1268,426,3
745,94,5
1443,438,5
815,413,4
770,62,3
717,449,3
24,108,4
1701,394,2
625,70,4
1772,388,2
1379,362,3
508,240,5
702,367,1
1666,416,5
1872,479,3
183,496,3
1937,72,5
257,135,1
1914,374,3
1300,220,4
346,429,1
1049,312,3
1396,60,3
689,109,4
872,369,2
1213,336,3
68,82,1
751,333,3
1131,248,5
1981,453,4
645,266,1
1444,322,4
870,13,1
1909,120,5
252,23,4
657,121,3
1919,419,2
402,134,5
1856,225,2
1785,12,3
870,407,3
722,126,2
603,399,3
1466,353,1
1165,291,5
1136,197,4
402,309,5
779,147,5
1361,501,2
527,201,5
62,175,5
1532,422,3
1772,379,5
1350,302,3
1377,74,5
891,505,1
295,425,1
1363,423,5
347,273,4
1317,424,2
439,260,5
383,193,1
186,36,4
1490,54,1
460,15,5
1342,381,1
739,493,2
787,105,5
1155,37,3
1362,383,3
1949,471,3
496,87,3
217,38,4
1283,224,3
1064,22,2
316,485,3
1978,97,2
1389,406,2
1903,33,5
1391,357,3
687,99,5
897,245,3
109,325,2
1752,31,3
708,435,5
647,266,5
1916,138,1
1483,78,1
52,404,2
1365,63,1
1700,491,4
495,143,2
1546,362,4
1038,213,4
1004,201,5
643,66,5
599,225,1
249,255,2
619,46,4
1052,151,1
1746,90,3
528,364,5
1755,333,4
201,459,2
491,221,5
1287,304,3
1398,475,2
1153,289,4
744,490,4
759,303,4
1881,244,3
1806,286,4
860,183,4
838,460,4
639,36,3
1225,108,1
1247,54,5
710,44,1
851,264,4
1401,328,5
1321,433,3
695,10,3
1745,114,2
762,30,5
1479,386,2
533,160,5
1459,125,4
1027,203,4
1469,249,1
1891,489,3
1750,196,4
714,500,2
1857,401,1
269,256,5
722,243,3
431,274,3
751,158,1
314,305,5
258,332,5
435,295,3
1487,191,3
797,148,4
522,20,5
1563,71,2
1414,318,4
1830,415,4
639,109,5
393,488,5
96,503,3
579,29,2
698,464,5
629,396,1
1049,283,5
162,168,5
580,89,4
1132,438,1
80,405,4
794,311,1
125,425,1
656,228,2
1329,381,4
1467,169,1
1258,369,1
477,296,2
971,450,1
21,409,1
894,358,4
1404,312,3
598,123,1
1417,139,4
1888,319,2
526,471,4
1369,180,3
999,371,2
1233,9,5
963,477,4
1750,52,3
514,445,5
1804,285,4
1883,461,1
1352,96,2
1292,5,5
952,117,2
1892,234,2
189,167,5
272,95,1
443,16,5
1814,76,5
1746,233,4
1367,181,4
73,127,5
1739,354,2
1367,466,1
1261,379,4
232,248,5
666,478,3
549,15,5
944,468,4
1564,335,5
1230,429,4
461,119,1
755,38,3
484,448,2
590,82,1
1777,273,1
1058,216,5
442,495,2
1335,88,3
973,356,2
1045,476,2
1463,378,4
1111,70,1
1197,194,1
190,300,3
130,230,4
1910,480,4
1442,176,4
486,47,2
1202,68,1
135,224,2
1019,506,3
1648,360,3
228,152,1
1707,137,5
888,385,4
663,280,1
1811,390,4
848,141,5
1736,133,4
1670,111,2
982,315,1
1811,298,4
790,60,3
1190,484,1
156,403,5
635,48,3
1378,430,4
1544,166,2
1815,428,4
1418,432,2
968,423,5
1510,174,3
435,348,3
1523,452,4
428,284,5
1527,25,1
879,120,3
1142,281,1
1454,349,5
197,238,5
10,316,4
703,474,1
794,22,3
683,496,4
1884,226,4
1575,153,4
112,482,4
247,383,2
1821,190,5
1348,398,1
1314,408,4
116,397,2
477,18,5
1428,7,5
425,247,3
1642,188,3
969,341,5
1483,380,3
658,254,1
384,103,5
200,80,5
447,13,5
789,58,5
216,324,1
1454,237,2
466,502,2
1584,269,3
632,206,1
1470,368,1
175,373,4
1753,444,1
1693,6,2
471,40,5
490,330,1
1691,149,2
454,17,3
1238,144,3
409,199,3
246,107,2
397,97,5
1778,104,5
853,147,1
298,170,2
372,363,3
1455,69,2
1369,257,5
791,306,4
1848,185,5
812,394,5
1012,309,2
462,235,1
879,3,5
38,265,1
1353,288,1
1653,98,2
1070,434,4
1471,200,3
1545,376,5
1743,155,2
969,338,4
113,427,4
1354,313,5
980,343,2
1365,384,5
670,128,4
1751,337,2
30,215,1
1826,81,5
347,417,5
87,413,5
1238,79,5
1409,294,1
827,395,5
569,219,1
1624,321,3
536,177,4
112,469,4
1428,37,1
1424,136,1
1105,42,5
1656,64,4
1356,65,5
1138,391,3
576,345,5
1081,402,5
359,23,4
700,124,2
1468,62,2
1569,77,3
1285,236,5
126,198,1
1660,465,4
224,75,2
1206,41,5
1619,113,5
1725,110,1
1240,182,3
340,487,5
1285,327,3
459,231,4
1350,473,1
666,28,2
395,157,5
79,297,1
928,92,5
197,344,1
1935,416,4
716,24,1
61,55,5
1959,361,2
707,239,5
592,142,2
848,156,2
536,195,4
563,171,5
94,34,4
1788,387,1
124,467,5
412,222,1
1950,209,3
611,101,3
477,192,1
166,479,4
1320,132,4
695,507,4
842,374,5
1244,179,3
1021,193,5
400,504,3
821,178,5
545,276,2
1777,320,3
1398,351,5
442,253,3
920,322,5
1806,505,2
564,424,4
1120,481,4
1715,336,3
534,227,5
37,94,1
761,19,3
1246,323,4
62,150,3
1417,251,1
1188,45,1
1726,175,5
606,8,4
388,187,4
343,146,1
864,389,2
354,400,5
1057,205,3
1614,106,5
990,93,3
52,494,2
236,173,3
1444,437,5
1153,129,1
1981,14,4
1590,422,5
1836,67,2
1103,56,3
1642,57,3
10,418,5
864,392,5
1674,388,3
305,172,5
989,84,3
1630,411,2
991,421,5
432,440,2
1155,241,5
592,211,5
1568,208,5
1644,493,4
666,51,5
1355,214,4
809,414,5
1905,116,2
90,277,1
1340,279,3
729,100,1
540,377,1
344,134,3
876,268,3
604,350,2
1179,329,3
1877,184,5
772,287,5
717,135,2
372,314,2
1555,470,2
1893,87,4
1063,458,5
144,91,3
1554,436,3
1892,498,4
1608,272,4
547,49,5
234,291,2
661,21,4
948,370,1
1283,267,3
94,399,4
1224,12,4
1358,463,5
761,302,3
118,442,4
409,453,1
1880,197,2
1129,85,4
1020,308,2
694,2,4
1929,278,2
258,366,2
305,293,4
1124,382,2
259,447,4
1038,347,5
167,250,4
51,50,3
21,275,2
1619,115,3
1354,355,4
1918,270,2
1470,11,5
149,165,1
1721,292,1
516,372,1
1073,353,4
1108,32,3
176,86,5
135,307,4
792,1,5
1557,406,3
1929,223,3
816,122,4
820,212,4
1085,271,1
1041,161,5
361,258,3
676,74,3
1802,454,1
1255,102,5
528,472,2
899,317,1
1570,39,5
310,282,5
843,242,3
1293,202,3
902,439,5
586,299,5
1148,410,3
150,375,4
142,218,4
1151,72,5
1398,431,5
1802,346,3
1101,499,2
1330,331,4
1558,339,1
1478,483,1
879,162,1
871,73,4
1328,455,1
301,334,3
410,259,2
1862,462,5
767,246,1
1264,446,1
1210,457,4
1928,240,4
1451,159,3
467,486,4
405,61,1
1468,112,2
386,59,5
503,83,2
427,393,5
334,189,4
281,210,2
1524,310,1
1502,164,1
536,456,2
1938,27,2
384,154,4
1140,163,3
1841,126,1
869,220,1
115,412,1
578,4,4
7,131,2
1613,260,5
522,252,1
217,342,3
71,43,1
1896,326,4
115,301,3
399,352,4
861,217,2
536,420,1
594,261,2
101,443,5
1244,501,3
838,53,3
365,367,3
542,492,5
1448,262,4
564,497,1
1059,229,5
1098,485,1
513,441,2
812,35,1
1207,121,5
1411,359,5
1556,207,1
1184,145,4
402,451,2
718,140,5
1661,365,2
669,26,4
977,118,5
1723,232,4
1115,290,3
797,105,5
1435,130,4
893,347,5
1661,324,1
1955,141,2
1271,281,1
98,384,2
458,36,2
405,7,1
1886,182,1
805,49,4
168,4,5
595,123,3
308,22,5
1470,501,2
47,156,4
1839,505,2
1256,279,2
388,476,4
1702,408,2
418,363,2
404,261,1
102,69,2
1644,432,3
1154,77,3
1281,396,1
774,277,4
250,177,1
193,140,4
181,6,5
1815,113,2
200,166,4
668,290,2
1925,416,1
935,400,5
1546,504,4
1756,309,4
1049,203,4
893,29,5
693,116,5
1583,484,1
862,210,1
1916,31,5
1303,38,3
1208,252,3
1738,264,5
1740,389,5
1925,310,4
1063,499,5
1791,105,1
1652,232,4
1467,259,1
966,57,2
1353,206,2
1882,419,4
1316,411,2
723,100,3
1124,461,3
721,341,3
585,190,2
749,225,5
839,429,3
1927,246,4
1816,319,1
217,255,4
1779,35,2
777,381,5
1408,406,5
99,346,2
1379,247,3
567,92,2
1075,236,4
883,207,5
1654,193,2
1233,90,1
1926,103,1
59,230,4
362,337,1
1838,185,4
1166,331,2
1852,415,3
261,55,4
508,266,3
1779,262,2
977,155,3
984,249,5
990,313,3
1350,467,5
1688,47,2
178,144,1
952,370,1
1564,390,2
1352,242,1
683,330,5
115,336,5
129,297,1
1056,338,2
1320,84,1
24,174,5
1633,463,1
702,125,4
124,202,5
1862,375,3
53,320,4
494,150,1
1878,332,5
1072,53,4
1896,162,4
712,68,2
1627,271,3
1573,240,2
156,296,4
205,268,4
1552,200,1
750,81,4
749,353,5
709,459,3
1360,438,1
763,365,4
1432,305,4
292,99,3
573,289,1
1220,311,5
696,129,2
692,30,2
1235,328,2
79,316,3
1750,445,3
1185,17,5
1005,458,1
1233,334,5
1054,215,3
1958,475,5
143,109,3
586,304,2
102,154,4
1865,443,1
197,258,3
1791,265,3
1661,298,5
1762,398,4
514,378,2
527,357,1
1853,269,4
444,216,2
1680,295,2
257,72,4
1031,367,1
644,410,4
1130,65,5
1252,180,4
163,275,2
1920,117,5
905,248,1
435,317,3
1368,477,1
277,222,1
1350,274,4
1361,78,3
444,307,4
740,189,3
603,214,3
1122,356,5
405,95,1
469,401,2
1466,86,3
1656,184,5
1575,96,1
491,211,2
1936,143,5
1546,460,2
1199,19,5
1056,457,3
596,440,1
296,303,2
767,12,5
558,449,4
156,199,4
192,118,2
1194,133,2
425,393,3
1750,10,5
269,286,1
1578,181,3
1513,153,1
1889,219,1
749,288,1
966,385,2
1627,454,5
1566,359,1
1675,87,1
551,9,4
407,487,3
1443,308,4
300,352,3
784,306,4
862,494,5
205,453,5
1736,388,5
1243,5,3
930,208,3
445,503,1
1425,40,1
1614,26,5
840,52,3
1446,278,1
994,18,2
1393,126,3
1680,468,5
1348,489,4
1208,273,5
1204,257,3
491,486,5
1213,464,2
283,300,5
1315,507,3
290,25,2
1411,344,4
1861,430,2
1126,94,2
1927,382,1
483,358,1
1199,161,4
391,205,5
346,42,5
1169,244,3
1369,500,3
1513,451,3
1495,322,4
49,197,3
1438,130,4
1564,45,1
1604,323,5
1589,409,4
1624,82,4
1970,146,4
1925,481,5
935,397,5
951,292,1
1719,426,4
294,170,3
1788,339,4
1958,112,3
243,245,4
1446,79,1
1302,462,5
1300,447,3
821,56,2
1865,435,4
1035,21,1
885,195,1
1548,15,4
567,456,5
634,20,4
1627,110,2
292,379,4
1173,228,5
1303,473,5
1522,291,3
1677,23,1
388,39,1
169,478,1
712,70,3
79,425,2
1920,14,4
963,80,2
475,3,1
408,433,1
751,41,4
431,402,3
1760,148,3
530,238,3
1958,34,5
1555,452,5
171,198,4
705,253,2
1199,254,4
418,491,5
1823,121,1
792,327,4
624,59,4
1479,137,1
702,325,5
551,414,2
1231,395,3
1656,333,5
910,282,1
1779,212,2
1229,235,2
1095,127,2
427,234,4
143,75,1
1200,192,4
1153,71,2
53,348,2
862,157,2
1536,495,1
491,107,1
723,191,1
1457,329,2
172,276,2
883,335,1
1127,128,3
1610,405,3
1169,243,1
1955,196,2
486,366,1
1794,108,3
713,89,4
1936,24,4
1728,351,4
179,321,5
1762,131,2
892,439,2
895,272,4
1816,37,3
1604,167,2
252,32,4
1799,360,5
1047,465,3
572,434,4
729,301,1
382,391,1
1759,132,5
1911,51,5
1233,469,1
1315,377,2
1048,482,1
1427,376,1
954,412,1
1264,43,2
1229,226,2
1514,224,5
200,392,5
1243,284,5
1088,369,4
276,387,1
890,421,4
952,1,1
1833,209,1
1738,260,2
1514,159,4
494,115,1
310,498,4
171,285,2
1107,67,1
182,175,3
767,436,2
1410,163,5
1975,186,5
1944,28,2
1975,160,1
68,120,3
729,502,3
1791,62,4
109,98,3
1762,151,3
990,479,2
895,496,3
1393,11,5
721,48,4
1970,423,5
179,218,4
511,263,4
1728,368,3
908,46,1
912,403,3
202,66,4
489,223,2
171,179,2
1688,217,1
1936,83,3
407,13,1
890,204,2
573,428,1
494,488,5
919,424,4
1185,122,2
1760,455,1
1738,380,3
569,139,4
788,97,2
1300,471,4
1642,54,1
469,497,3
1524,362,1
143,173,5
1009,114,2
950,241,2
225,294,1
585,474,2
1096,178,4
713,149,2
430,239,2
52,233,2
1466,106,3
1124,73,5
740,374,3
1229,85,2
1565,164,1
555,343,2
208,135,5
1252,27,5
480,420,3
810,145,4
1095,483,3
1252,355,3
1565,63,3
1629,466,4
1583,280,4
1465,111,5
129,444,5
1760,213,4
951,417,2
1892,176,5
1548,318,2
511,270,5
585,493,2
124,220,2
821,342,3
1618,427,5
1153,293,4
1723,124,3
603,442,1
1367,437,5
550,302,3
1582,326,2
443,188,3
182,446,4
65,299,1
1774,101,3
596,169,4
260,364,3
430,171,5
1056,142,1
1767,383,4
152,172,4
1581,183,2
1200,350,5
1442,283,2
1698,431,1
331,165,2
489,33,3
232,158,2
573,8,4
1672,44,3
392,407,3
1392,371,2
1968,61,4
1892,138,3
1124,250,4
813,354,3
266,506,4
1130,345,3
1003,227,2
96,152,2
408,314,2
641,492,5
1621,373,1
1560,413,3
462,2,5
494,104,4
1896,231,2
961,418,2
1442,287,1
1620,372,2
1315,450,1
191,480,4
1124,91,4
1603,60,5
458,340,1
84,349,5
691,361,2
1762,485,5
250,50,5
475,267,5
1756,470,4
1568,422,5
474,168,4
1672,102,5
1316,64,4
1944,394,4
1303,229,5
305,251,5
1640,404,1
254,76,5
257,472,3
278,221,1
507,16,1
289,88,5
1153,256,5
1003,119,2
696,386,1
1864,201,2
623,490,3
1200,58,4
893,93,5
1189,448,4
1680,399,5
418,312,2
47,187,2
1409,74,2
827,136,5
1615,134,4
1739,441,3
1672,315,2
1124,194,5
435,237,5
1368,147,4
1655,130,2
285,16,5
1922,325,4
1824,392,4
378,1,5
772,345,4
1208,210,5
1969,363,5
1195,3,3
97,62,3
958,299,3
334,97,5
759,228,4
236,318,2
126,168,5
1660,323,3
373,255,3
957,31,3
341,51,3
212,343,5
343,38,4
579,112,1
873,189,4
496,303,4
51,414,5
1174,190,3
175,35,3
764,310,4
433,56,4
1655,481,5
1856,78,3
169,89,5
736,160,3
545,359,4
1195,216,3
1773,298,5
944,291,5
1058,30,4
945,475,2
809,425,3
636,249,4
556,64,3
1490,243,1
748,126,2
334,236,3
1941,372,1
1221,122,4
155,82,1
1535,17,4
1453,135,2
1941,453,2
294,476,1
108,58,2
7,220,5
51,432,5
252,225,3
8,104,4
9,297,5
451,177,3
958,230,3
1940,191,3
143,74,5
1792,20,1
772,72,2
1144,186,2
945,384,5
1972,155,2
1460,148,2
1242,351,4
385,459,2
223,436,1
991,100,1
1571,87,2
1284,231,5
140,120,4
252,301,1
601,397,3
801,472,5
1220,463,4
250,333,5
142,261,2
1312,369,4
1184,173,2
1050,394,5
1367,207,3
206,154,2
496,156,5
419,172,5
796,52,2
396,294,2
546,5,2
1905,328,5
1431,175,2
309,312,2
1287,12,2
490,443,4
245,497,2
496,117,2
796,59,4
97,290,2
1110,262,1
1183,420,5
1571,494,4
1941,484,5
1138,44,2
463,180,2
487,136,5
1231,348,4
433,246,2
343,23,3
1535,9,2
1183,367,5
9,401,5
1382,238,1
229,337,5
1486,193,5
1840,478,4
477,77,5
1879,6,1
723,450,3
1812,144,5
1763,4,1
1896,429,2
1677,140,5
113,133,3
744,143,1
1103,184,2
281,329,4
55,473,5
1879,479,3
980,165,4
309,209,2
1616,257,2
695,42,1
29,465,2
1622,153,3
280,103,3
980,350,1
762,430,4
957,67,2
490,211,4
1460,366,3
348,309,3
1138,371,5
1977,33,1
1874,55,1
1386,410,4
205,314,2
1559,111,1
1101,270,4
988,286,2
980,115,3
1800,222,2
334,49,5
1438,98,2
1524,276,2
1485,378,3
731,304,4
1050,280,3
556,445,3
944,28,5
223,119,1
1441,399,3
1110,302,3
394,258,4
463,212,5
1548,477,4
1676,289,4
469,195,1
463,504,2
1626,488,4
1759,95,3
92,469,1
1655,269,4
1220,423,2
463,272,3
786,277,5
1548,305,4
1601,198,1
1454,94,2
1266,142,5
97,422,1
778,461,4
1230,273,5
394,19,3
754,174,3
1384,265,3
1535,226,4
142,113,5
517,353,4
1535,460,1
549,124,1
326,454,2
44,368,3
1533,138,3
1905,490,2
1272,76,2
1020,188,5
695,47,4
1287,206,1
1448,349,5
547,441,1
1624,499,5
1608,102,2
156,452,2
54,43,1
1015,492,3
1229,467,1
1362,496,1
1436,99,5
1365,39,4
378,116,4
1795,324,4
1598,344,5
1773,227,3
1229,224,4
684,232,2
510,419,5
1749,416,1
1567,8,2
1246,456,3
1050,151,1
344,440,2
469,308,3
1774,396,5
635,162,5
508,271,1
341,466,2
1285,405,2
113,336,5
693,268,3
1619,200,4
617,57,5
1014,288,2
806,332,2
285,253,1
1616,128,3
1260,145,1
1272,489,2
884,355,3
433,311,1
1414,239,4
1382,107,2
786,150,3
696,139,3
1823,254,5
1470,493,5
1372,321,3
44,411,5
304,157,2
1139,48,4
285,340,4
1535,166,5
104,245,4
1568,389,5
1718,316,1
1343,470,3
754,317,3
806,334,1
811,407,4
772,455,2
1614,491,5
923,88,4
1969,415,1
1608,379,4
1453,296,5
570,202,4
126,263,2
1255,161,5
1525,192,3
355,18,2
1568,471,5
963,68,4
1138,382,4
892,127,3
1088,219,2
755,446,3
501,109,3
285,75,4
888,25,1
731,398,1
70,84,2
1533,183,4
658,242,5
1474,480,5
1928,507,5
1397,27,4
945,342,1
29,413,5
1490,65,2
1717,37,4
546,101,1
320,201,3
70,313,2
1824,319,3
334,163,5
821,500,1
1813,417,3
463,79,4
326,185,3
410,431,3
1619,205,3
1661,171,5
350,285,3
252,439,1
1922,426,5
149,147,2
695,482,3
1622,233,3
873,66,4
1478,96,4
510,146,2
1926,164,4
1438,250,1
1977,2,1
673,412,2
811,194,1
189,495,3
819,282,1
119,341,1
695,361,2
1824,424,4
809,388,4
1436,248,2
285,457,4
160,339,1
1055,217,4
1285,63,2
494,451,2
717,408,4
425,7,4
1091,418,4
1281,409,3
1260,356,1
92,15,1
265,41,2
684,125,2
865,393,2
804,462,4
1874,373,3
304,377,3
821,21,1
972,24,4
1616,223,2
1699,390,4
1660,428,1
1624,247,3
36,287,3
212,13,3
1909,256,2
1272,315,3
425,240,2
1925,114,5
36,442,5
1220,129,2
1403,485,5
1631,427,2
505,60,2
252,380,3
811,402,3
973,448,1
673,330,4
1559,281,1
414,167,1
294,365,4
974,468,2
416,275,2
343,152,5
859,331,5
615,501,5
665,73,5
740,293,5
759,487,2
465,80,4
1805,14,5
1598,234,4
156,123,2
754,179,2
1694,505,5
755,364,4
1077,404,3
156,486,1
309,251,2
1813,274,1
433,213,5
309,357,4
1054,244,5
1343,375,5
44,506,1
1834,370,1
796,208,3
1977,259,1
1391,360,3
340,403,2
463,86,4
510,362,4
1834,474,3
1909,134,1
830,54,3
521,34,2
1928,11,5
1928,196,2
1824,118,3
1287,326,5
1701,278,2
1298,346,2
744,110,3
1220,292,2
1502,306,2
394,93,2
796,106,4
1477,421,1
1738,391,4
1676,29,2
143,458,2
1460,483,1
1601,498,3
1392,266,2
1053,46,4
794,137,1
762,90,2
1718,61,4
1465,502,3
136,295,2
1347,141,2
1792,178,2
1631,400,1
509,132,2
429,105,4
1792,438,3
1760,214,2
1777,22,3
1618,229,3
1660,300,5
309,320,1
547,204,5
1041,26,5
1825,81,3
340,433,5
1030,235,2
596,182,3
38,387,5
819,437,4
825,91,4
1347,449,4
1470,385,5
794,338,2
1448,358,5
1725,53,5
547,32,1
373,447,1
1347,92,5
1041,203,5
1905,158,2
1614,284,3
9,218,1
1725,386,4
97,85,1
1458,199,5
1417,45,4
913,260,4
9,322,1
1819,10,1
1467,237,3
250,181,5
1846,434,5
51,354,4
733,327,4
1667,170,5
437,241,3
736,69,2
1659,215,3
1055,121,4
1922,347,2
1886,381,4
156,221,3
1281,279,5
343,197,1
1266,374,2
1535,283,4
586,252,2
92,159,1
1206,176,4
988,36,2
1892,70,4
451,503,3
172,383,1
1348,464,2
372,187,5
570,307,1
878,352,4
923,131,4
1381,406,4
1441,267,3
1266,40,5
830,435,3
1977,83,5
425,50,4
331,444,5
1048,264,4
1417,149,3
1660,376,5
1080,335,3
189,169,1
1886,395,4
1874,108,3
1458,71,3
1007,378,2
1610,179,1
1007,37,2
1296,53,2
1860,132,2
1314,440,4
1753,272,2
1486,74,3
1040,222,3
1017,500,1
222,340,3
1526,428,2
1216,13,5
1855,418,2
1685,397,1
1668,70,3
1292,469,2
1883,69,4
1589,47,4
43,186,4
1883,295,2
858,426,1
1803,436,2
1002,460,1
1685,71,4
180,228,2
534,24,5
839,493,1
24,412,3
1602,498,1
1518,123,2
1243,280,5
220,83,4
1889,348,3
96,480,4
1047,482,5
1604,46,5
1519,28,5
1898,240,5
1968,11,3
954,198,4
1718,29,5
394,21,3
735,199,1
1080,505,2
671,147,5
872,258,3
858,291,5
731,503,1
307,113,3
1130,233,5
803,435,2
275,491,4
1474,90,5
153,261,1
1924,27,3
1215,54,5
319,241,2
615,309,1
1497,346,5
573,245,5
1215,364,3
1409,382,3
1486,351,2
166,254,4
1085,246,3
925,60,4
1132,262,3
70,40,3
1056,361,3
790,206,5
1275,248,4
429,174,3
264,94,5
1494,430,2
1433,86,2
1518,162,3
1842,171,1
1762,38,4
1275,244,2
1036,267,5
406,466,4
1844,316,5
129,3,3
855,283,1
1321,229,5
1653,434,2
1755,135,2
1821,145,1
1030,386,4
593,384,5
568,479,2
600,459,3
607,202,1
1840,328,5
1121,210,4
1084,30,4
858,176,4
1908,396,5
1372,251,1
796,42,3
472,342,3
739,106,4
389,366,3
1357,312,2
1080,417,4
735,501,3
611,441,1
218,200,4
46,212,2
344,268,3
1012,452,1
1757,405,5
1129,243,2
1433,143,3
307,80,3
791,72,2
1631,56,4
46,391,5
1129,297,4
1865,8,1
1951,108,2
1820,129,3
1938,407,5
272,165,3
1069,394,1
805,372,4
1068,124,3
1721,81,1
1840,85,1
1951,193,2
1243,257,3
1453,154,4
607,336,3
1906,271,5
790,97,4
676,225,2
1512,411,1
1721,126,5
855,189,3
1784,443,4
911,296,4
1070,331,1
1286,59,2
861,289,5
312,79,4
1255,313,2
1346,159,5
1777,194,3
1852,133,4
1842,168,2
591,101,1
790,264,5
746,167,1
375,471,2
954,247,2
129,242,5
672,293,1
1791,453,4
1684,75,2
1653,379,2
181,127,1
152,349,4
353,324,4
1342,140,5
784,315,5
1266,358,5
858,298,3
572,102,2
1326,263,4
1040,214,5
702,217,3
1532,486,3
255,273,3
274,237,3
1372,234,4
1121,236,3
307,122,2
1144,467,4
876,256,2
1334,352,2
124,68,3
1044,445,1
1815,422,3
1342,150,3
1217,227,4
245,223,4
274,213,4
983,495,5
1347,138,1
201,35,5
242,325,1
573,207,5
1069,166,1
1939,375,5
1591,177,4
1919,134,5
1230,487,5
1931,78,2
1634,284,1
1378,410,3
1388,329,4
1654,156,5
791,105,1
1453,270,2
972,276,5
1426,318,1
1865,51,3
1422,350,5
1898,161,1
1193,137,1
105,205,3
1613,473,4
1372,58,2
1532,404,2
722,468,5
855,239,2
1314,444,2
891,506,2
61,432,5
1517,7,4
378,43,2
236,306,2
1230,369,3
607,178,3
495,149,1
588,197,5
482,310,1
593,424,5
901,341,4
1680,252,5
468,450,3
646,64,5
824,400,3
353,449,2
1346,335,3
338,260,1
1401,354,5
986,163,2
986,184,4
70,322,3
124,425,3
1883,265,1
882,288,4
43,188,5
416,50,1
1645,392,2
1144,235,3
587,338,2
1177,185,1
1409,475,3
524,17,2
698,231,3
276,330,5
1115,76,2
1838,371,3
313,33,4
1391,250,5
964,55,5
641,275,5
1429,146,2
375,302,2
1416,278,1
770,456,2
1610,215,1
1861,220,2
1072,41,4
88,266,2
852,292,1
1906,175,2
1855,10,5
93,353,2
621,389,3
1253,96,3
615,304,5
1570,419,1
1148,277,4
1056,255,4
455,141,2
1756,211,4
1056,19,5
830,474,5
308,390,1
1115,82,1
1894,157,1
1634,169,5
633,344,3
903,413,3
534,377,5
1474,216,4
1684,136,1
1180,285,5
876,77,1
1936,380,4
839,398,1
129,230,3
142,14,5
534,1,2
1511,158,1
1204,415,3
1801,409,4
1418,131,4
495,208,1
702,88,1
1577,478,5
671,281,5
1864,91,2
1348,119,3
1939,121,3
1840,446,3
1433,356,2
1451,18,5
385,22,5
5,269,1
679,402,1
84,477,1
1191,303,5
1906,458,2
946,181,3
1152,151,5
6,5,4
805,44,4
82,57,3
915,448,2
1680,363,1
1451,16,5
671,439,3
1255,67,1
154,357,2
1142,183,2
1253,226,4
633,457,5
1496,343,4
308,387,5
1009,36,1
1702,93,5
170,320,3
787,203,2
1326,429,3
27,192,1
307,499,4
1101,455,2
855,403,2
27,117,5
274,301,1
1898,52,3
160,462,1
891,160,3
391,6,3
1426,130,1
392,414,5
1906,65,1
1017,62,2
839,191,4
632,420,3
498,49,5
1017,204,3
154,421,5
292,504,3
1002,373,3
1685,110,3
1864,333,1
84,347,2
1791,388,1
1444,92,3
312,374,2
261,286,5
1685,84,4
1826,31,1
1243,253,3
1861,238,1
1919,139,5
1889,334,1
1777,98,5
787,308,4
1456,365,1
1399,383,1
1809,287,4
605,438,4
1342,118,3
1070,274,4
1227,39,2
1111,195,3
1322,100,3
1314,196,1
271,232,3
1669,494,5
779,187,1
100,173,3
1429,180,4
312,385,1
1039,393,2
1048,323,5
572,259,4
1479,201,4
739,144,5
534,99,2
1255,107,4
1444,461,4
779,370,5
5,431,1
1017,485,1
1570,142,1
47,489,2
1268,406,3
329,317,4
1719,359,2
498,23,2
1177,319,5
1056,34,1
445,249,4
1571,111,2
974,95,5
455,45,1
228,282,4
1286,103,5
849,209,2
1321,465,3
1267,401,1
1645,305,2
1809,355,1
566,307,5
1193,153,1
1837,61,2
1047,483,4
1063,4,3
1852,496,5
1445,368,4
6,476,3
1433,26,3
49,155,2
760,172,2
1519,114,3
842,427,1
1626,314,3
1422,327,3
1511,128,5
27,484,4
400,9,1
1803,399,1
360,337,4
760,116,4
1907,12,3
339,408,5
1846,481,1
1418,472,5
1343,115,1
1863,492,4
862,109,4
181,470,1
814,321,5
702,15,4
152,367,5
1115,490,4
1429,224,5
807,447,4
1044,63,1
1049,112,1
1517,219,2
842,360,3
1445,190,4
1753,182,1
1809,433,1
1532,339,5
319,497,4
21,332,5
676,311,4
1039,221,2
779,454,3
1401,32,2
1906,451,5
998,300,3
698,423,5
882,279,4
1607,66,5
1518,507,5
1678,164,3
925,152,4
1002,73,1
1076,502,2
414,148,2
917,464,1
640,20,2
254,376,2
274,48,5
1899,104,2
160,345,1
100,170,3
124,437,4
1322,442,1
739,381,3
1784,89,2
416,395,4
1685,463,3
1144,218,1
1518,299,5
1762,2,3
70,290,3
333,294,4
805,272,4
459,504,4
806,264,1
1355,206,5
1208,307,5
1005,485,4
1383,249,2
1099,237,2
1818,49,1
1601,123,5
